Model,Accuracy,Precision,Recall,F1-Score
Multinomial Logistic Regression,0.92,0.9345454545454546,0.92,0.9213333333333333
Random Forest,0.8,0.8066666666666666,0.8,0.8020373514431238
GBT,0.8,0.8066666666666666,0.8,0.8020373514431238
SVM,0.92,0.9345454545454546,0.92,0.9213333333333332
Multinomial Naive Bayes,0.6,0.7294117647058823,0.6,0.5948717948717949
